"id","url"
842,"http://elibrary.ru/author_items.asp?authorid=149828"
240,"http://elibrary.ru/author_items.asp?authorid=276560"
840,"http://elibrary.ru/author_items.asp?authorid=181514"
704,"http://elibrary.ru/author_items.asp?authorid=797075"
709,"http://elibrary.ru/author_items.asp?authorid=100285"
792,"http://elibrary.ru/author_items.asp?authorid=833018"
793,"http://elibrary.ru/author_items.asp?authorid=762277"
878,"http://elibrary.ru/author_items.asp?authorid=537262"
125,"http://elibrary.ru/author_items.asp?authorid=110102"
879,"http://elibrary.ru/author_items.asp?authorid=711435"
938,"http://elibrary.ru/author_items.asp?authorid=354134"
936,"http://elibrary.ru/author_items.asp?authorid=160241"
455,"http://elibrary.ru/author_items.asp?authorid=528699"
453,"http://elibrary.ru/author_items.asp?authorid=100505"
712,"http://elibrary.ru/author_items.asp?authorid=504408"
446,"http://elibrary.ru/author_items.asp?authorid=580289"
457,"http://elibrary.ru/author_items.asp?authorid=528699"
60,"http://elibrary.ru/author_items.asp?authorid=684820"
55,"http://elibrary.ru/author_items.asp?authorid=968900"
57,"http://elibrary.ru/author_items.asp?authorid=113689"
142,"http://elibrary.ru/author_items.asp?authorid=815694"
450,"http://elibrary.ru/author_items.asp?authorid=624786"
17,"http://elibrary.ru/author_items.asp?authorid=523606"
444,"http://elibrary.ru/author_items.asp?authorid=843484"
454,"http://elibrary.ru/author_items.asp?authorid=1029424"
335,"http://elibrary.ru/author_items.asp?authorid=598424"
1,"http://elibrary.ru/author_items.asp?authorid=2905"
56,"http://elibrary.ru/author_items.asp?authorid=208669"
34,"http://elibrary.ru/author_items.asp?authorid=530793"
38,"http://elibrary.ru/author_items.asp?authorid=7967"
10,"http://elibrary.ru/author_items.asp?authorid=164301"
2,"http://elibrary.ru/author_items.asp?authorid=789095"
42,"http://elibrary.ru/author_items.asp?authorid=1024011"
59,"http://elibrary.ru/author_items.asp?authorid=228334"
32,"http://elibrary.ru/author_items.asp?authorid=684408"
58,"http://elibrary.ru/author_items.asp?authorid=697583"
65,"http://elibrary.ru/author_items.asp?authorid=968900"
50,"http://elibrary.ru/author_items.asp?authorid=1047469"
48,"http://elibrary.ru/author_items.asp?authorid=774811"
64,"http://elibrary.ru/author_items.asp?authorid=569381"
447,"http://elibrary.ru/author_items.asp?authorid=98699"
37,"http://elibrary.ru/author_items.asp?authorid=1024011"
448,"http://elibrary.ru/author_items.asp?authorid=364110"
33,"http://elibrary.ru/author_items.asp?authorid=684408"
880,"http://elibrary.ru/author_items.asp?authorid=870451"
100,"http://elibrary.ru/author_items.asp?authorid=164301"
31,"http://elibrary.ru/author_items.asp?authorid=882818"
54,"http://elibrary.ru/author_items.asp?authorid=882818"
51,"http://elibrary.ru/author_items.asp?authorid=1037553"
29,"http://elibrary.ru/author_items.asp?authorid=814360"
53,"http://elibrary.ru/author_items.asp?authorid=814146"
901,"http://elibrary.ru/author_items.asp?authorid=981821"
597,"http://elibrary.ru/author_items.asp?authorid=245720"
63,"http://elibrary.ru/author_items.asp?authorid=882818"
30,"http://elibrary.ru/author_items.asp?authorid=814146"
52,"http://elibrary.ru/author_items.asp?authorid=814360"
239,"http://elibrary.ru/author_items.asp?authorid=961646"
49,"http://elibrary.ru/author_items.asp?authorid=569381"
61,"http://elibrary.ru/author_items.asp?authorid=814360"
99,"http://elibrary.ru/author_items.asp?authorid=1024011"
102,"http://elibrary.ru/author_items.asp?authorid=981696"
445,"http://elibrary.ru/author_items.asp?authorid=143709"
62,"http://elibrary.ru/author_items.asp?authorid=814146"
449,"http://elibrary.ru/author_items.asp?authorid=150136"
933,"http://elibrary.ru/author_items.asp?authorid=147870"
931,"http://elibrary.ru/author_items.asp?authorid=621417"
927,"http://elibrary.ru/author_items.asp?authorid=240751"
925,"http://elibrary.ru/author_items.asp?authorid=124009"
928,"http://elibrary.ru/author_items.asp?authorid=796557"
929,"http://elibrary.ru/author_items.asp?authorid=857783"
456,"http://elibrary.ru/author_items.asp?authorid=383555"
930,"http://elibrary.ru/author_items.asp?authorid=651038"
932,"http://elibrary.ru/author_items.asp?authorid=124009"
926,"http://elibrary.ru/author_items.asp?authorid=621417"
127,"http://elibrary.ru/author_items.asp?authorid=641554"
1009,"http://elibrary.ru/author_items.asp?authorid=1546"
1007,"http://elibrary.ru/author_items.asp?authorid=8478"
553,"http://elibrary.ru/author_items.asp?authorid=110102"
681,"http://elibrary.ru/author_items.asp?authorid=1061471"
119,"http://elibrary.ru/author_items.asp?authorid=110102"
429,"http://elibrary.ru/author_items.asp?authorid=787738"
803,"http://elibrary.ru/author_items.asp?authorid=920851"
690,"http://elibrary.ru/author_items.asp?authorid=20060"
452,"http://elibrary.ru/author_items.asp?authorid=8366"
261,"http://elibrary.ru/author_items.asp?authorid=909988"
269,"http://elibrary.ru/author_items.asp?authorid=909165"
75,"http://elibrary.ru/author_items.asp?authorid=684408"
79,"http://elibrary.ru/author_items.asp?authorid=814360"
461,"http://elibrary.ru/author_items.asp?authorid=872016"
46,"http://elibrary.ru/author_items.asp?authorid=789095"
848,"http://elibrary.ru/author_items.asp?authorid=493199"
851,"http://elibrary.ru/author_items.asp?authorid=163740"
720,"http://elibrary.ru/author_items.asp?authorid=15081"
111,"http://elibrary.ru/author_items.asp?authorid=713162"
114,"http://elibrary.ru/author_items.asp?authorid=597353"
897,"http://elibrary.ru/author_items.asp?authorid=797075"
718,"http://elibrary.ru/author_items.asp?authorid=183031"
955,"http://elibrary.ru/author_items.asp?authorid=101936"
430,"http://elibrary.ru/author_items.asp?authorid=334839"
957,"http://elibrary.ru/author_items.asp?authorid=135621"
98,"http://elibrary.ru/author_items.asp?authorid=611103"
956,"http://elibrary.ru/author_items.asp?authorid=825944"
953,"http://elibrary.ru/author_items.asp?authorid=1569"
954,"http://elibrary.ru/author_items.asp?authorid=734862"
432,"http://elibrary.ru/author_items.asp?authorid=518905"
93,"http://elibrary.ru/author_items.asp?authorid=981708"
96,"http://elibrary.ru/author_items.asp?authorid=1024011"
153,"http://elibrary.ru/author_items.asp?authorid=358771"
232,"http://elibrary.ru/author_items.asp?authorid=735494"
233,"http://elibrary.ru/author_items.asp?authorid=299769"
779,"http://elibrary.ru/author_items.asp?authorid=702525"
74,"http://elibrary.ru/author_items.asp?authorid=684408"
71,"http://elibrary.ru/author_items.asp?authorid=128315"
69,"http://elibrary.ru/author_items.asp?authorid=759781"
70,"http://elibrary.ru/author_items.asp?authorid=661495"
73,"http://elibrary.ru/author_items.asp?authorid=530793"
231,"http://elibrary.ru/author_items.asp?authorid=307635"
101,"http://elibrary.ru/author_items.asp?authorid=621660"
68,"http://elibrary.ru/author_items.asp?authorid=149376"
229,"http://elibrary.ru/author_items.asp?authorid=163119"
92,"http://elibrary.ru/author_items.asp?authorid=909852"
1003,"http://elibrary.ru/author_items.asp?authorid=290631"
230,"http://elibrary.ru/author_items.asp?authorid=948148"
885,"http://elibrary.ru/author_items.asp?authorid=251499"
1002,"http://elibrary.ru/author_items.asp?authorid=606223"
770,"http://elibrary.ru/author_items.asp?authorid=313351"
443,"http://elibrary.ru/author_items.asp?authorid=498712"
67,"http://elibrary.ru/author_items.asp?authorid=118026"
460,"http://elibrary.ru/author_items.asp?authorid=512918"
270,"http://elibrary.ru/author_items.asp?authorid=330884"
259,"http://elibrary.ru/author_items.asp?authorid=671991"
94,"http://elibrary.ru/author_items.asp?authorid=789095"
95,"http://elibrary.ru/author_items.asp?authorid=1001764"
258,"http://elibrary.ru/author_items.asp?authorid=381412"
262,"http://elibrary.ru/author_items.asp?authorid=118837"
77,"http://elibrary.ru/author_items.asp?authorid=753119"
78,"http://elibrary.ru/author_items.asp?authorid=882818"
97,"http://elibrary.ru/author_items.asp?authorid=7967"
80,"http://elibrary.ru/author_items.asp?authorid=814146"
76,"http://elibrary.ru/author_items.asp?authorid=684408"
72,"http://elibrary.ru/author_items.asp?authorid=519914"
890,"http://elibrary.ru/author_items.asp?authorid=537261"
66,"http://elibrary.ru/author_items.asp?authorid=668452"
199,"http://elibrary.ru/author_items.asp?authorid=123162"
442,"http://elibrary.ru/author_items.asp?authorid=945515"
458,"http://elibrary.ru/author_items.asp?authorid=735133"
949,"http://elibrary.ru/author_items.asp?authorid=396821"
887,"http://elibrary.ru/author_items.asp?authorid=656022"
719,"http://elibrary.ru/author_items.asp?authorid=14254"
451,"http://elibrary.ru/author_items.asp?authorid=101647"
888,"http://elibrary.ru/author_items.asp?authorid=1354"
716,"http://elibrary.ru/author_items.asp?authorid=606094"
187,"http://elibrary.ru/author_items.asp?authorid=358771"
714,"http://elibrary.ru/author_items.asp?authorid=147870"
717,"http://elibrary.ru/author_items.asp?authorid=75585"
715,"http://elibrary.ru/author_items.asp?authorid=639693"
886,"http://elibrary.ru/author_items.asp?authorid=573855"
621,"http://elibrary.ru/author_items.asp?authorid=110102"
139,"http://elibrary.ru/author_items.asp?authorid=743475"
950,"http://elibrary.ru/author_items.asp?authorid=926181"
944,"http://elibrary.ru/author_items.asp?authorid=549640"
683,"http://elibrary.ru/author_items.asp?authorid=900097"
945,"http://elibrary.ru/author_items.asp?authorid=680993"
882,"http://elibrary.ru/author_items.asp?authorid=648785"
603,"http://elibrary.ru/author_items.asp?authorid=902109"
884,"http://elibrary.ru/author_items.asp?authorid=532669"
948,"http://elibrary.ru/author_items.asp?authorid=559860"
946,"http://elibrary.ru/author_items.asp?authorid=680993"
947,"http://elibrary.ru/author_items.asp?authorid=468436"
889,"http://elibrary.ru/author_items.asp?authorid=890564"
292,"http://elibrary.ru/author_items.asp?authorid=1022975"
908,"http://elibrary.ru/author_items.asp?authorid=586192"
909,"http://elibrary.ru/author_items.asp?authorid=586192"
287,"http://elibrary.ru/author_items.asp?authorid=413306"
390,"http://elibrary.ru/author_items.asp?authorid=1052496"
371,"http://elibrary.ru/author_items.asp?authorid=655698"
377,"http://elibrary.ru/author_items.asp?authorid=291314"
253,"http://elibrary.ru/author_items.asp?authorid=330884"
255,"http://elibrary.ru/author_items.asp?authorid=671991"
431,"http://elibrary.ru/author_items.asp?authorid=787738"
378,"http://elibrary.ru/author_items.asp?authorid=465261"
380,"http://elibrary.ru/author_items.asp?authorid=363681"
363,"http://elibrary.ru/author_items.asp?authorid=714228"
365,"http://elibrary.ru/author_items.asp?authorid=484499"
366,"http://elibrary.ru/author_items.asp?authorid=347233"
367,"http://elibrary.ru/author_items.asp?authorid=701693"
368,"http://elibrary.ru/author_items.asp?authorid=269589"
373,"http://elibrary.ru/author_items.asp?authorid=150989"
374,"http://elibrary.ru/author_items.asp?authorid=703637"
379,"http://elibrary.ru/author_items.asp?authorid=278698"
372,"http://elibrary.ru/author_items.asp?authorid=790571"
90,"http://elibrary.ru/author_items.asp?authorid=7967"
375,"http://elibrary.ru/author_items.asp?authorid=495626"
376,"http://elibrary.ru/author_items.asp?authorid=1013306"
384,"http://elibrary.ru/author_items.asp?authorid=396707"
171,"http://elibrary.ru/author_items.asp?authorid=813391"
855,"http://elibrary.ru/author_items.asp?authorid=183973"
891,"http://elibrary.ru/author_items.asp?authorid=544307"
47,"http://elibrary.ru/author_items.asp?authorid=164301"
389,"http://elibrary.ru/author_items.asp?authorid=901655"
5,"http://elibrary.ru/author_items.asp?authorid=164301"
1005,"http://elibrary.ru/author_items.asp?authorid=706791"
6,"http://elibrary.ru/author_items.asp?authorid=597353"
11,"http://elibrary.ru/author_items.asp?authorid=145923"
893,"http://elibrary.ru/author_items.asp?authorid=765184"
369,"http://elibrary.ru/author_items.asp?authorid=776230"
618,"http://elibrary.ru/author_items.asp?authorid=650911"
160,"http://elibrary.ru/author_items.asp?authorid=922660"
510,"http://elibrary.ru/author_items.asp?authorid=1035947"
523,"http://elibrary.ru/author_items.asp?authorid=110102"
382,"http://elibrary.ru/author_items.asp?authorid=296037"
383,"http://elibrary.ru/author_items.asp?authorid=785337"
386,"http://elibrary.ru/author_items.asp?authorid=259919"
387,"http://elibrary.ru/author_items.asp?authorid=251239"
364,"http://elibrary.ru/author_items.asp?authorid=237059"
370,"http://elibrary.ru/author_items.asp?authorid=71943"
463,"http://elibrary.ru/author_items.asp?authorid=628666"
388,"http://elibrary.ru/author_items.asp?authorid=336710"
381,"http://elibrary.ru/author_items.asp?authorid=791904"
271,"http://elibrary.ru/author_items.asp?authorid=634000"
466,"http://elibrary.ru/author_items.asp?authorid=380208"
256,"http://elibrary.ru/author_items.asp?authorid=909165"
257,"http://elibrary.ru/author_items.asp?authorid=634000"
135,"http://elibrary.ru/author_items.asp?authorid=145923"
221,"http://elibrary.ru/author_items.asp?authorid=673000"
680,"http://elibrary.ru/author_items.asp?authorid=147870"
43,"http://elibrary.ru/author_items.asp?authorid=7967"
165,"http://elibrary.ru/author_items.asp?authorid=358771"
254,"http://elibrary.ru/author_items.asp?authorid=118837"
758,"http://elibrary.ru/author_items.asp?authorid=164301"
177,"http://elibrary.ru/author_items.asp?authorid=358771"
123,"http://elibrary.ru/author_items.asp?authorid=145923"
1008,"http://elibrary.ru/author_items.asp?authorid=1562"
385,"http://elibrary.ru/author_items.asp?authorid=580169"
853,"http://elibrary.ru/author_items.asp?authorid=155564"
168,"http://elibrary.ru/author_items.asp?authorid=936037"
804,"http://elibrary.ru/author_items.asp?authorid=789095"
464,"http://elibrary.ru/author_items.asp?authorid=157494"
462,"http://elibrary.ru/author_items.asp?authorid=889402"
622,"http://elibrary.ru/author_items.asp?authorid=110102"
465,"http://elibrary.ru/author_items.asp?authorid=760295"
467,"http://elibrary.ru/author_items.asp?authorid=790417"
624,"http://elibrary.ru/author_items.asp?authorid=608765"
166,"http://elibrary.ru/author_items.asp?authorid=660869"
295,"http://elibrary.ru/author_items.asp?authorid=276560"
625,"http://elibrary.ru/author_items.asp?authorid=110102"
654,"http://elibrary.ru/author_items.asp?authorid=591220"
655,"http://elibrary.ru/author_items.asp?authorid=1024172"
658,"http://elibrary.ru/author_items.asp?authorid=282253"
659,"http://elibrary.ru/author_items.asp?authorid=680053"
660,"http://elibrary.ru/author_items.asp?authorid=591220"
604,"http://elibrary.ru/author_items.asp?authorid=910342"
602,"http://elibrary.ru/author_items.asp?authorid=650911"
894,"http://elibrary.ru/author_items.asp?authorid=346639"
895,"http://elibrary.ru/author_items.asp?authorid=885632"
902,"http://elibrary.ru/author_items.asp?authorid=108815"
899,"http://elibrary.ru/author_items.asp?authorid=915950"
765,"http://elibrary.ru/author_items.asp?authorid=789095"
754,"http://elibrary.ru/author_items.asp?authorid=980411"
911,"http://elibrary.ru/author_items.asp?authorid=586192"
940,"http://elibrary.ru/author_items.asp?authorid=265422"
935,"http://elibrary.ru/author_items.asp?authorid=620044"
789,"http://elibrary.ru/author_items.asp?authorid=611103"
289,"http://elibrary.ru/author_items.asp?authorid=690818"
937,"http://elibrary.ru/author_items.asp?authorid=980456"
291,"http://elibrary.ru/author_items.asp?authorid=948668"
290,"http://elibrary.ru/author_items.asp?authorid=276560"
288,"http://elibrary.ru/author_items.asp?authorid=1069335"
939,"http://elibrary.ru/author_items.asp?authorid=980456"
898,"http://elibrary.ru/author_items.asp?authorid=265422"
263,"http://elibrary.ru/author_items.asp?authorid=634000"
267,"http://elibrary.ru/author_items.asp?authorid=671991"
268,"http://elibrary.ru/author_items.asp?authorid=671991"
260,"http://elibrary.ru/author_items.asp?authorid=268544"
265,"http://elibrary.ru/author_items.asp?authorid=688229"
266,"http://elibrary.ru/author_items.asp?authorid=118837"
264,"http://elibrary.ru/author_items.asp?authorid=639930"
468,"http://elibrary.ru/author_items.asp?authorid=945515"
470,"http://elibrary.ru/author_items.asp?authorid=843484"
472,"http://elibrary.ru/author_items.asp?authorid=580289"
474,"http://elibrary.ru/author_items.asp?authorid=364110"
476,"http://elibrary.ru/author_items.asp?authorid=624786"
478,"http://elibrary.ru/author_items.asp?authorid=8366"
294,"http://elibrary.ru/author_items.asp?authorid=690818"
286,"http://elibrary.ru/author_items.asp?authorid=250090"
934,"http://elibrary.ru/author_items.asp?authorid=555278"
941,"http://elibrary.ru/author_items.asp?authorid=354134"
904,"http://elibrary.ru/author_items.asp?authorid=265422"
479,"http://elibrary.ru/author_items.asp?authorid=100505"
320,"http://elibrary.ru/author_items.asp?authorid=511915"
27,"http://elibrary.ru/author_items.asp?authorid=8473"
20,"http://elibrary.ru/author_items.asp?authorid=955891"
277,"http://elibrary.ru/author_items.asp?authorid=518905"
942,"http://elibrary.ru/author_items.asp?authorid=265422"
14,"http://elibrary.ru/author_items.asp?authorid=118026"
18,"http://elibrary.ru/author_items.asp?authorid=59121"
275,"http://elibrary.ru/author_items.asp?authorid=518905"
881,"http://elibrary.ru/author_items.asp?authorid=335920"
883,"http://elibrary.ru/author_items.asp?authorid=471819"
391,"http://elibrary.ru/author_items.asp?authorid=523845"
910,"http://elibrary.ru/author_items.asp?authorid=160241"
276,"http://elibrary.ru/author_items.asp?authorid=787738"
907,"http://elibrary.ru/author_items.asp?authorid=160241"
912,"http://elibrary.ru/author_items.asp?authorid=981821"
892,"http://elibrary.ru/author_items.asp?authorid=675913"
481,"http://elibrary.ru/author_items.asp?authorid=528699"
483,"http://elibrary.ru/author_items.asp?authorid=528699"
485,"http://elibrary.ru/author_items.asp?authorid=4818"
487,"http://elibrary.ru/author_items.asp?authorid=872016"
877,"http://elibrary.ru/author_items.asp?authorid=669602"
913,"http://elibrary.ru/author_items.asp?authorid=265422"
952,"http://elibrary.ru/author_items.asp?authorid=101934"
951,"http://elibrary.ru/author_items.asp?authorid=661815"
839,"http://elibrary.ru/author_items.asp?authorid=80148"
1018,"http://elibrary.ru/author_items.asp?authorid=238232"
1006,"http://elibrary.ru/author_items.asp?authorid=478243"
1017,"http://elibrary.ru/author_items.asp?authorid=606223"
1011,"http://elibrary.ru/author_items.asp?authorid=101389"
1004,"http://elibrary.ru/author_items.asp?authorid=174055"
24,"http://elibrary.ru/author_items.asp?authorid=858091"
200,"http://elibrary.ru/author_items.asp?authorid=178901"
962,"http://elibrary.ru/author_items.asp?authorid=1569"
698,"http://elibrary.ru/author_items.asp?authorid=7967"
12,"http://elibrary.ru/author_items.asp?authorid=100261"
795,"http://elibrary.ru/author_items.asp?authorid=900097"
1010,"http://elibrary.ru/author_items.asp?authorid=185250"
550,"http://elibrary.ru/author_items.asp?authorid=902109"
1012,"http://elibrary.ru/author_items.asp?authorid=119446"
623,"http://elibrary.ru/author_items.asp?authorid=1035947"
549,"http://elibrary.ru/author_items.asp?authorid=650911"
656,"http://elibrary.ru/author_items.asp?authorid=100810"
657,"http://elibrary.ru/author_items.asp?authorid=627937"
801,"http://elibrary.ru/author_items.asp?authorid=1049189"
274,"http://elibrary.ru/author_items.asp?authorid=334839"
1015,"http://elibrary.ru/author_items.asp?authorid=56"
1014,"http://elibrary.ru/author_items.asp?authorid=949614"
1016,"http://elibrary.ru/author_items.asp?authorid=56"
224,"http://elibrary.ru/author_items.asp?authorid=811053"
213,"http://elibrary.ru/author_items.asp?authorid=375818"
84,"http://elibrary.ru/author_items.asp?authorid=611103"
400,"http://elibrary.ru/author_items.asp?authorid=448748"
402,"http://elibrary.ru/author_items.asp?authorid=1062947"
404,"http://elibrary.ru/author_items.asp?authorid=278698"
223,"http://elibrary.ru/author_items.asp?authorid=735734"
403,"http://elibrary.ru/author_items.asp?authorid=1006071"
410,"http://elibrary.ru/author_items.asp?authorid=296037"
81,"http://elibrary.ru/author_items.asp?authorid=909852"
423,"http://elibrary.ru/author_items.asp?authorid=74485"
876,"http://elibrary.ru/author_items.asp?authorid=121224"
86,"http://elibrary.ru/author_items.asp?authorid=621660"
856,"http://elibrary.ru/author_items.asp?authorid=163739"
838,"http://elibrary.ru/author_items.asp?authorid=17632"
845,"http://elibrary.ru/author_items.asp?authorid=763111"
1019,"http://elibrary.ru/author_items.asp?authorid=949614"
1020,"http://elibrary.ru/author_items.asp?authorid=56"
844,"http://elibrary.ru/author_items.asp?authorid=75027"
1013,"http://elibrary.ru/author_items.asp?authorid=238232"
1021,"http://elibrary.ru/author_items.asp?authorid=56"
421,"http://elibrary.ru/author_items.asp?authorid=170933"
424,"http://elibrary.ru/author_items.asp?authorid=272195"
420,"http://elibrary.ru/author_items.asp?authorid=502459"
414,"http://elibrary.ru/author_items.asp?authorid=1013306"
407,"http://elibrary.ru/author_items.asp?authorid=347233"
406,"http://elibrary.ru/author_items.asp?authorid=484499"
419,"http://elibrary.ru/author_items.asp?authorid=100662"
422,"http://elibrary.ru/author_items.asp?authorid=530079"
418,"http://elibrary.ru/author_items.asp?authorid=410163"
282,"http://elibrary.ru/author_items.asp?authorid=168083"
408,"http://elibrary.ru/author_items.asp?authorid=701693"
359,"http://elibrary.ru/author_items.asp?authorid=1010903"
358,"http://elibrary.ru/author_items.asp?authorid=988775"
344,"http://elibrary.ru/author_items.asp?authorid=1010903"
346,"http://elibrary.ru/author_items.asp?authorid=601520"
591,"http://elibrary.ru/author_items.asp?authorid=858611"
600,"http://elibrary.ru/author_items.asp?authorid=151460"
599,"http://elibrary.ru/author_items.asp?authorid=884563"
283,"http://elibrary.ru/author_items.asp?authorid=76129"
278,"http://elibrary.ru/author_items.asp?authorid=608086"
284,"http://elibrary.ru/author_items.asp?authorid=127186"
285,"http://elibrary.ru/author_items.asp?authorid=11402"
281,"http://elibrary.ru/author_items.asp?authorid=713073"
590,"http://elibrary.ru/author_items.asp?authorid=643511"
279,"http://elibrary.ru/author_items.asp?authorid=608087"
412,"http://elibrary.ru/author_items.asp?authorid=150989"
415,"http://elibrary.ru/author_items.asp?authorid=259919"
401,"http://elibrary.ru/author_items.asp?authorid=725634"
409,"http://elibrary.ru/author_items.asp?authorid=269589"
280,"http://elibrary.ru/author_items.asp?authorid=76129"
469,"http://elibrary.ru/author_items.asp?authorid=498712"
471,"http://elibrary.ru/author_items.asp?authorid=143709"
405,"http://elibrary.ru/author_items.asp?authorid=714228"
473,"http://elibrary.ru/author_items.asp?authorid=98699"
475,"http://elibrary.ru/author_items.asp?authorid=150136"
477,"http://elibrary.ru/author_items.asp?authorid=101647"
480,"http://elibrary.ru/author_items.asp?authorid=1029424"
482,"http://elibrary.ru/author_items.asp?authorid=383555"
484,"http://elibrary.ru/author_items.asp?authorid=735133"
486,"http://elibrary.ru/author_items.asp?authorid=512918"
82,"http://elibrary.ru/author_items.asp?authorid=981708"
399,"http://elibrary.ru/author_items.asp?authorid=518905"
396,"http://elibrary.ru/author_items.asp?authorid=518905"
397,"http://elibrary.ru/author_items.asp?authorid=334839"
395,"http://elibrary.ru/author_items.asp?authorid=787738"
441,"http://elibrary.ru/author_items.asp?authorid=554391"
45,"http://elibrary.ru/author_items.asp?authorid=1025016"
40,"http://elibrary.ru/author_items.asp?authorid=789095"
314,"http://elibrary.ru/author_items.asp?authorid=555457"
112,"http://elibrary.ru/author_items.asp?authorid=494270"
963,"http://elibrary.ru/author_items.asp?authorid=312528"
109,"http://elibrary.ru/author_items.asp?authorid=597353"
117,"http://elibrary.ru/author_items.asp?authorid=214209"
661,"http://elibrary.ru/author_items.asp?authorid=651881"
809,"http://elibrary.ru/author_items.asp?authorid=900097"
181,"http://elibrary.ru/author_items.asp?authorid=379753"
234,"http://elibrary.ru/author_items.asp?authorid=634000"
416,"http://elibrary.ru/author_items.asp?authorid=251239"
551,"http://elibrary.ru/author_items.asp?authorid=910342"
413,"http://elibrary.ru/author_items.asp?authorid=703637"
411,"http://elibrary.ru/author_items.asp?authorid=785337"
417,"http://elibrary.ru/author_items.asp?authorid=1052496"
1028,"http://elibrary.ru/author_items.asp?authorid=56"
1026,"http://elibrary.ru/author_items.asp?authorid=949614"
964,"http://elibrary.ru/author_items.asp?authorid=160241"
906,"http://elibrary.ru/author_items.asp?authorid=312528"
943,"http://elibrary.ru/author_items.asp?authorid=586192"
914,"http://elibrary.ru/author_items.asp?authorid=981821"
915,"http://elibrary.ru/author_items.asp?authorid=265422"
222,"http://elibrary.ru/author_items.asp?authorid=687016"
362,"http://elibrary.ru/author_items.asp?authorid=319594"
219,"http://elibrary.ru/author_items.asp?authorid=633327"
226,"http://elibrary.ru/author_items.asp?authorid=934485"
182,"http://elibrary.ru/author_items.asp?authorid=159676"
1023,"http://elibrary.ru/author_items.asp?authorid=174055"
594,"http://elibrary.ru/author_items.asp?authorid=643511"
244,"http://elibrary.ru/author_items.asp?authorid=920903"
236,"http://elibrary.ru/author_items.asp?authorid=76129"
572,"http://elibrary.ru/author_items.asp?authorid=627937"
273,"http://elibrary.ru/author_items.asp?authorid=885814"
575,"http://elibrary.ru/author_items.asp?authorid=147281"
513,"http://elibrary.ru/author_items.asp?authorid=523600"
519,"http://elibrary.ru/author_items.asp?authorid=840340"
861,"http://elibrary.ru/author_items.asp?authorid=39875"
864,"http://elibrary.ru/author_items.asp?authorid=646998"
969,"http://elibrary.ru/author_items.asp?authorid=981821"
251,"http://elibrary.ru/author_items.asp?authorid=787738"
868,"http://elibrary.ru/author_items.asp?authorid=668867"
394,"http://elibrary.ru/author_items.asp?authorid=787738"
862,"http://elibrary.ru/author_items.asp?authorid=178307"
83,"http://elibrary.ru/author_items.asp?authorid=1001764"
85,"http://elibrary.ru/author_items.asp?authorid=164301"
874,"http://elibrary.ru/author_items.asp?authorid=985562"
398,"http://elibrary.ru/author_items.asp?authorid=787738"
242,"http://elibrary.ru/author_items.asp?authorid=961646"
296,"http://elibrary.ru/author_items.asp?authorid=924449"
298,"http://elibrary.ru/author_items.asp?authorid=954817"
297,"http://elibrary.ru/author_items.asp?authorid=972966"
300,"http://elibrary.ru/author_items.asp?authorid=519451"
299,"http://elibrary.ru/author_items.asp?authorid=700345"
301,"http://elibrary.ru/author_items.asp?authorid=961646"
252,"http://elibrary.ru/author_items.asp?authorid=554391"
1022,"http://elibrary.ru/author_items.asp?authorid=174099"
662,"http://elibrary.ru/author_items.asp?authorid=1020705"
1024,"http://elibrary.ru/author_items.asp?authorid=174099"
663,"http://elibrary.ru/author_items.asp?authorid=650911"
664,"http://elibrary.ru/author_items.asp?authorid=902109"
665,"http://elibrary.ru/author_items.asp?authorid=127409"
666,"http://elibrary.ru/author_items.asp?authorid=961079"
667,"http://elibrary.ru/author_items.asp?authorid=100810"
248,"http://elibrary.ru/author_items.asp?authorid=787738"
87,"http://elibrary.ru/author_items.asp?authorid=981696"
91,"http://elibrary.ru/author_items.asp?authorid=1024011"
340,"http://elibrary.ru/author_items.asp?authorid=519451"
972,"http://elibrary.ru/author_items.asp?authorid=981821"
970,"http://elibrary.ru/author_items.asp?authorid=265422"
577,"http://elibrary.ru/author_items.asp?authorid=796725"
578,"http://elibrary.ru/author_items.asp?authorid=783969"
966,"http://elibrary.ru/author_items.asp?authorid=586192"
573,"http://elibrary.ru/author_items.asp?authorid=783969"
587,"http://elibrary.ru/author_items.asp?authorid=100810"
576,"http://elibrary.ru/author_items.asp?authorid=431320"
1037,"http://elibrary.ru/author_items.asp?authorid=955156"
1029,"http://elibrary.ru/author_items.asp?authorid=910274"
1031,"http://elibrary.ru/author_items.asp?authorid=187008"
1035,"http://elibrary.ru/author_items.asp?authorid=955631"
215,"http://elibrary.ru/author_items.asp?authorid=340158"
522,"http://elibrary.ru/author_items.asp?authorid=562261"
217,"http://elibrary.ru/author_items.asp?authorid=286290"
225,"http://elibrary.ru/author_items.asp?authorid=864804"
212,"http://elibrary.ru/author_items.asp?authorid=791977"
218,"http://elibrary.ru/author_items.asp?authorid=267869"
227,"http://elibrary.ru/author_items.asp?authorid=866486"
1039,"http://elibrary.ru/author_items.asp?authorid=174055"
1030,"http://elibrary.ru/author_items.asp?authorid=954065"
514,"http://elibrary.ru/author_items.asp?authorid=11488"
1032,"http://elibrary.ru/author_items.asp?authorid=910717"
120,"http://elibrary.ru/author_items.asp?authorid=110102"
776,"http://elibrary.ru/author_items.asp?authorid=646128"
875,"http://elibrary.ru/author_items.asp?authorid=20060"
752,"http://elibrary.ru/author_items.asp?authorid=789095"
791,"http://elibrary.ru/author_items.asp?authorid=3789"
293,"http://elibrary.ru/author_items.asp?authorid=651312"
968,"http://elibrary.ru/author_items.asp?authorid=160241"
327,"http://elibrary.ru/author_items.asp?authorid=129978"
790,"http://elibrary.ru/author_items.asp?authorid=147870"
313,"http://elibrary.ru/author_items.asp?authorid=8225"
328,"http://elibrary.ru/author_items.asp?authorid=909095"
332,"http://elibrary.ru/author_items.asp?authorid=823271"
315,"http://elibrary.ru/author_items.asp?authorid=537198"
326,"http://elibrary.ru/author_items.asp?authorid=261945"
331,"http://elibrary.ru/author_items.asp?authorid=21283"
971,"http://elibrary.ru/author_items.asp?authorid=586192"
304,"http://elibrary.ru/author_items.asp?authorid=407223"
310,"http://elibrary.ru/author_items.asp?authorid=76312"
318,"http://elibrary.ru/author_items.asp?authorid=791904"
249,"http://elibrary.ru/author_items.asp?authorid=278698"
392,"http://elibrary.ru/author_items.asp?authorid=787738"
967,"http://elibrary.ru/author_items.asp?authorid=586192"
1025,"http://elibrary.ru/author_items.asp?authorid=238232"
1027,"http://elibrary.ru/author_items.asp?authorid=56"
272,"http://elibrary.ru/author_items.asp?authorid=682148"
393,"http://elibrary.ru/author_items.asp?authorid=324067"
425,"http://elibrary.ru/author_items.asp?authorid=787738"
436,"http://elibrary.ru/author_items.asp?authorid=189575"
440,"http://elibrary.ru/author_items.asp?authorid=853378"
434,"http://elibrary.ru/author_items.asp?authorid=449002"
439,"http://elibrary.ru/author_items.asp?authorid=189575"
965,"http://elibrary.ru/author_items.asp?authorid=265422"
435,"http://elibrary.ru/author_items.asp?authorid=554391"
132,"http://elibrary.ru/author_items.asp?authorid=597353"
520,"http://elibrary.ru/author_items.asp?authorid=910342"
1038,"http://elibrary.ru/author_items.asp?authorid=909975"
427,"http://elibrary.ru/author_items.asp?authorid=324067"
1033,"http://elibrary.ru/author_items.asp?authorid=910717"
1034,"http://elibrary.ru/author_items.asp?authorid=954345"
1036,"http://elibrary.ru/author_items.asp?authorid=706791"
561,"http://elibrary.ru/author_items.asp?authorid=591220"
802,"http://elibrary.ru/author_items.asp?authorid=1024011"
668,"http://elibrary.ru/author_items.asp?authorid=1025130"
805,"http://elibrary.ru/author_items.asp?authorid=1025016"
336,"http://elibrary.ru/author_items.asp?authorid=924449"
337,"http://elibrary.ru/author_items.asp?authorid=972966"
338,"http://elibrary.ru/author_items.asp?authorid=954817"
339,"http://elibrary.ru/author_items.asp?authorid=700345"
342,"http://elibrary.ru/author_items.asp?authorid=677518"
343,"http://elibrary.ru/author_items.asp?authorid=594898"
426,"http://elibrary.ru/author_items.asp?authorid=787738"
428,"http://elibrary.ru/author_items.asp?authorid=518905"
351,"http://elibrary.ru/author_items.asp?authorid=601520"
352,"http://elibrary.ru/author_items.asp?authorid=330803"
345,"http://elibrary.ru/author_items.asp?authorid=1008508"
348,"http://elibrary.ru/author_items.asp?authorid=1010903"
361,"http://elibrary.ru/author_items.asp?authorid=1024182"
356,"http://elibrary.ru/author_items.asp?authorid=983939"
353,"http://elibrary.ru/author_items.asp?authorid=1024182"
349,"http://elibrary.ru/author_items.asp?authorid=319594"
978,"http://elibrary.ru/author_items.asp?authorid=1927"
357,"http://elibrary.ru/author_items.asp?authorid=319594"
350,"http://elibrary.ru/author_items.asp?authorid=852469"
354,"http://elibrary.ru/author_items.asp?authorid=1008508"
355,"http://elibrary.ru/author_items.asp?authorid=1010903"
347,"http://elibrary.ru/author_items.asp?authorid=852469"
138,"http://elibrary.ru/author_items.asp?authorid=1015932"
169,"http://elibrary.ru/author_items.asp?authorid=123162"
1057,"http://elibrary.ru/author_items.asp?authorid=117470"
308,"http://elibrary.ru/author_items.asp?authorid=514556"
237,"http://elibrary.ru/author_items.asp?authorid=630973"
173,"http://elibrary.ru/author_items.asp?authorid=481824"
245,"http://elibrary.ru/author_items.asp?authorid=601520"
246,"http://elibrary.ru/author_items.asp?authorid=523845"
238,"http://elibrary.ru/author_items.asp?authorid=917764"
174,"http://elibrary.ru/author_items.asp?authorid=1015932"
241,"http://elibrary.ru/author_items.asp?authorid=1025659"
172,"http://elibrary.ru/author_items.asp?authorid=135538"
333,"http://elibrary.ru/author_items.asp?authorid=276560"
303,"http://elibrary.ru/author_items.asp?authorid=167132"
191,"http://elibrary.ru/author_items.asp?authorid=3454"
316,"http://elibrary.ru/author_items.asp?authorid=79624"
192,"http://elibrary.ru/author_items.asp?authorid=1010855"
195,"http://elibrary.ru/author_items.asp?authorid=767566"
194,"http://elibrary.ru/author_items.asp?authorid=990548"
325,"http://elibrary.ru/author_items.asp?authorid=395738"
190,"http://elibrary.ru/author_items.asp?authorid=18073"
330,"http://elibrary.ru/author_items.asp?authorid=76327"
307,"http://elibrary.ru/author_items.asp?authorid=151378"
329,"http://elibrary.ru/author_items.asp?authorid=294087"
341,"http://elibrary.ru/author_items.asp?authorid=396600"
321,"http://elibrary.ru/author_items.asp?authorid=73469"
323,"http://elibrary.ru/author_items.asp?authorid=668662"
980,"http://elibrary.ru/author_items.asp?authorid=702803"
193,"http://elibrary.ru/author_items.asp?authorid=382526"
554,"http://elibrary.ru/author_items.asp?authorid=720974"
976,"http://elibrary.ru/author_items.asp?authorid=121555"
975,"http://elibrary.ru/author_items.asp?authorid=121555"
555,"http://elibrary.ru/author_items.asp?authorid=781172"
567,"http://elibrary.ru/author_items.asp?authorid=937251"
977,"http://elibrary.ru/author_items.asp?authorid=979200"
973,"http://elibrary.ru/author_items.asp?authorid=868034"
974,"http://elibrary.ru/author_items.asp?authorid=702803"
979,"http://elibrary.ru/author_items.asp?authorid=141092"
583,"http://elibrary.ru/author_items.asp?authorid=627937"
558,"http://elibrary.ru/author_items.asp?authorid=720974"
560,"http://elibrary.ru/author_items.asp?authorid=937251"
559,"http://elibrary.ru/author_items.asp?authorid=431320"
568,"http://elibrary.ru/author_items.asp?authorid=627937"
564,"http://elibrary.ru/author_items.asp?authorid=627937"
584,"http://elibrary.ru/author_items.asp?authorid=591220"
869,"http://elibrary.ru/author_items.asp?authorid=920851"
806,"http://elibrary.ru/author_items.asp?authorid=1024011"
1051,"http://elibrary.ru/author_items.asp?authorid=8478"
1058,"http://elibrary.ru/author_items.asp?authorid=124578"
1053,"http://elibrary.ru/author_items.asp?authorid=42511"
1041,"http://elibrary.ru/author_items.asp?authorid=74405"
1040,"http://elibrary.ru/author_items.asp?authorid=74405"
540,"http://elibrary.ru/author_items.asp?authorid=627897"
319,"http://elibrary.ru/author_items.asp?authorid=11154"
305,"http://elibrary.ru/author_items.asp?authorid=111820"
214,"http://elibrary.ru/author_items.asp?authorid=255155"
148,"http://elibrary.ru/author_items.asp?authorid=334484"
137,"http://elibrary.ru/author_items.asp?authorid=624786"
149,"http://elibrary.ru/author_items.asp?authorid=720244"
136,"http://elibrary.ru/author_items.asp?authorid=587801"
991,"http://elibrary.ru/author_items.asp?authorid=19128"
988,"http://elibrary.ru/author_items.asp?authorid=960830"
302,"http://elibrary.ru/author_items.asp?authorid=314667"
129,"http://elibrary.ru/author_items.asp?authorid=7967"
106,"http://elibrary.ru/author_items.asp?authorid=697021"
110,"http://elibrary.ru/author_items.asp?authorid=118026"
115,"http://elibrary.ru/author_items.asp?authorid=898865"
113,"http://elibrary.ru/author_items.asp?authorid=597353"
1075,"http://elibrary.ru/author_items.asp?authorid=1546"
544,"http://elibrary.ru/author_items.asp?authorid=100810"
534,"http://elibrary.ru/author_items.asp?authorid=431320"
547,"http://elibrary.ru/author_items.asp?authorid=627937"
983,"http://elibrary.ru/author_items.asp?authorid=19128"
498,"http://elibrary.ru/author_items.asp?authorid=1020705"
981,"http://elibrary.ru/author_items.asp?authorid=925600"
529,"http://elibrary.ru/author_items.asp?authorid=902109"
985,"http://elibrary.ru/author_items.asp?authorid=31618"
691,"http://elibrary.ru/author_items.asp?authorid=928114"
528,"http://elibrary.ru/author_items.asp?authorid=650911"
689,"http://elibrary.ru/author_items.asp?authorid=329593"
773,"http://elibrary.ru/author_items.asp?authorid=107311"
312,"http://elibrary.ru/author_items.asp?authorid=526443"
311,"http://elibrary.ru/author_items.asp?authorid=308648"
309,"http://elibrary.ru/author_items.asp?authorid=111817"
317,"http://elibrary.ru/author_items.asp?authorid=703"
986,"http://elibrary.ru/author_items.asp?authorid=173253"
982,"http://elibrary.ru/author_items.asp?authorid=352603"
987,"http://elibrary.ru/author_items.asp?authorid=19128"
990,"http://elibrary.ru/author_items.asp?authorid=734871"
989,"http://elibrary.ru/author_items.asp?authorid=855447"
984,"http://elibrary.ru/author_items.asp?authorid=27123"
220,"http://elibrary.ru/author_items.asp?authorid=843502"
532,"http://elibrary.ru/author_items.asp?authorid=479776"
306,"http://elibrary.ru/author_items.asp?authorid=1367"
322,"http://elibrary.ru/author_items.asp?authorid=15530"
122,"http://elibrary.ru/author_items.asp?authorid=641554"
1044,"http://elibrary.ru/author_items.asp?authorid=56"
1042,"http://elibrary.ru/author_items.asp?authorid=238232"
131,"http://elibrary.ru/author_items.asp?authorid=164301"
538,"http://elibrary.ru/author_items.asp?authorid=627937"
542,"http://elibrary.ru/author_items.asp?authorid=937251"
490,"http://elibrary.ru/author_items.asp?authorid=100810"
491,"http://elibrary.ru/author_items.asp?authorid=627937"
586,"http://elibrary.ru/author_items.asp?authorid=650911"
533,"http://elibrary.ru/author_items.asp?authorid=947667"
507,"http://elibrary.ru/author_items.asp?authorid=110102"
496,"http://elibrary.ru/author_items.asp?authorid=591220"
488,"http://elibrary.ru/author_items.asp?authorid=591220"
493,"http://elibrary.ru/author_items.asp?authorid=3778"
1083,"http://elibrary.ru/author_items.asp?authorid=24507"
1086,"http://elibrary.ru/author_items.asp?authorid=1562"
1071,"http://elibrary.ru/author_items.asp?authorid=185250"
1084,"http://elibrary.ru/author_items.asp?authorid=1516"
1089,"http://elibrary.ru/author_items.asp?authorid=1564"
1073,"http://elibrary.ru/author_items.asp?authorid=119446"
126,"http://elibrary.ru/author_items.asp?authorid=621660"
1088,"http://elibrary.ru/author_items.asp?authorid=185250"
756,"http://elibrary.ru/author_items.asp?authorid=900097"
588,"http://elibrary.ru/author_items.asp?authorid=902109"
589,"http://elibrary.ru/author_items.asp?authorid=910342"
1072,"http://elibrary.ru/author_items.asp?authorid=101389"
570,"http://elibrary.ru/author_items.asp?authorid=147281"
1080,"http://elibrary.ru/author_items.asp?authorid=38927"
574,"http://elibrary.ru/author_items.asp?authorid=922038"
772,"http://elibrary.ru/author_items.asp?authorid=702792"
1078,"http://elibrary.ru/author_items.asp?authorid=185250"
527,"http://elibrary.ru/author_items.asp?authorid=641554"
585,"http://elibrary.ru/author_items.asp?authorid=591220"
1076,"http://elibrary.ru/author_items.asp?authorid=101389"
557,"http://elibrary.ru/author_items.asp?authorid=796725"
562,"http://elibrary.ru/author_items.asp?authorid=627897"
569,"http://elibrary.ru/author_items.asp?authorid=627897"
582,"http://elibrary.ru/author_items.asp?authorid=627937"
563,"http://elibrary.ru/author_items.asp?authorid=947667"
566,"http://elibrary.ru/author_items.asp?authorid=479776"
1064,"http://elibrary.ru/author_items.asp?authorid=24507"
140,"http://elibrary.ru/author_items.asp?authorid=123162"
147,"http://elibrary.ru/author_items.asp?authorid=877783"
228,"http://elibrary.ru/author_items.asp?authorid=815694"
145,"http://elibrary.ru/author_items.asp?authorid=728880"
144,"http://elibrary.ru/author_items.asp?authorid=988349"
150,"http://elibrary.ru/author_items.asp?authorid=769884"
495,"http://elibrary.ru/author_items.asp?authorid=680053"
143,"http://elibrary.ru/author_items.asp?authorid=948148"
146,"http://elibrary.ru/author_items.asp?authorid=18022"
506,"http://elibrary.ru/author_items.asp?authorid=1025130"
508,"http://elibrary.ru/author_items.asp?authorid=110102"
503,"http://elibrary.ru/author_items.asp?authorid=680053"
141,"http://elibrary.ru/author_items.asp?authorid=383555"
184,"http://elibrary.ru/author_items.asp?authorid=602478"
1074,"http://elibrary.ru/author_items.asp?authorid=1562"
504,"http://elibrary.ru/author_items.asp?authorid=961079"
492,"http://elibrary.ru/author_items.asp?authorid=1006000"
501,"http://elibrary.ru/author_items.asp?authorid=619594"
581,"http://elibrary.ru/author_items.asp?authorid=100810"
526,"http://elibrary.ru/author_items.asp?authorid=680053"
1102,"http://elibrary.ru/author_items.asp?authorid=31645"
530,"http://elibrary.ru/author_items.asp?authorid=1025130"
763,"http://elibrary.ru/author_items.asp?authorid=7967"
499,"http://elibrary.ru/author_items.asp?authorid=650911"
768,"http://elibrary.ru/author_items.asp?authorid=1024011"
35,"http://elibrary.ru/author_items.asp?authorid=980411"
777,"http://elibrary.ru/author_items.asp?authorid=929319"
780,"http://elibrary.ru/author_items.asp?authorid=199724"
505,"http://elibrary.ru/author_items.asp?authorid=100810"
774,"http://elibrary.ru/author_items.asp?authorid=280399"
771,"http://elibrary.ru/author_items.asp?authorid=399275"
778,"http://elibrary.ru/author_items.asp?authorid=2905"
775,"http://elibrary.ru/author_items.asp?authorid=280834"
500,"http://elibrary.ru/author_items.asp?authorid=902109"
324,"http://elibrary.ru/author_items.asp?authorid=6138"
9,"http://elibrary.ru/author_items.asp?authorid=968900"
7,"http://elibrary.ru/author_items.asp?authorid=916014"
4,"http://elibrary.ru/author_items.asp?authorid=753119"
8,"http://elibrary.ru/author_items.asp?authorid=1037553"
178,"http://elibrary.ru/author_items.asp?authorid=808389"
1093,"http://elibrary.ru/author_items.asp?authorid=42131"
1067,"http://elibrary.ru/author_items.asp?authorid=1547"
1095,"http://elibrary.ru/author_items.asp?authorid=51853"
1070,"http://elibrary.ru/author_items.asp?authorid=1564"
1068,"http://elibrary.ru/author_items.asp?authorid=1563"
1065,"http://elibrary.ru/author_items.asp?authorid=434"
1103,"http://elibrary.ru/author_items.asp?authorid=185250"
1100,"http://elibrary.ru/author_items.asp?authorid=723901"
1066,"http://elibrary.ru/author_items.asp?authorid=1516"
1099,"http://elibrary.ru/author_items.asp?authorid=46667"
1094,"http://elibrary.ru/author_items.asp?authorid=107599"
1101,"http://elibrary.ru/author_items.asp?authorid=10055"
1090,"http://elibrary.ru/author_items.asp?authorid=781241"
1092,"http://elibrary.ru/author_items.asp?authorid=56846"
1098,"http://elibrary.ru/author_items.asp?authorid=56846"
1096,"http://elibrary.ru/author_items.asp?authorid=53108"
1091,"http://elibrary.ru/author_items.asp?authorid=246989"
1097,"http://elibrary.ru/author_items.asp?authorid=878688"
706,"http://elibrary.ru/author_items.asp?authorid=625216"
713,"http://elibrary.ru/author_items.asp?authorid=163494"
992,"http://elibrary.ru/author_items.asp?authorid=555278"
993,"http://elibrary.ru/author_items.asp?authorid=620044"
700,"http://elibrary.ru/author_items.asp?authorid=900097"
994,"http://elibrary.ru/author_items.asp?authorid=160241"
699,"http://elibrary.ru/author_items.asp?authorid=1061471"
682,"http://elibrary.ru/author_items.asp?authorid=664419"
687,"http://elibrary.ru/author_items.asp?authorid=7967"
130,"http://elibrary.ru/author_items.asp?authorid=7967"
685,"http://elibrary.ru/author_items.asp?authorid=663200"
1115,"http://elibrary.ru/author_items.asp?authorid=56"
684,"http://elibrary.ru/author_items.asp?authorid=7967"
686,"http://elibrary.ru/author_items.asp?authorid=183031"
692,"http://elibrary.ru/author_items.asp?authorid=920851"
688,"http://elibrary.ru/author_items.asp?authorid=663200"
723,"http://elibrary.ru/author_items.asp?authorid=548560"
694,"http://elibrary.ru/author_items.asp?authorid=621659"
696,"http://elibrary.ru/author_items.asp?authorid=147870"
753,"http://elibrary.ru/author_items.asp?authorid=611103"
760,"http://elibrary.ru/author_items.asp?authorid=981696"
766,"http://elibrary.ru/author_items.asp?authorid=1025016"
751,"http://elibrary.ru/author_items.asp?authorid=1025016"
724,"http://elibrary.ru/author_items.asp?authorid=920851"
721,"http://elibrary.ru/author_items.asp?authorid=183031"
799,"http://elibrary.ru/author_items.asp?authorid=985562"
727,"http://elibrary.ru/author_items.asp?authorid=621659"
741,"http://elibrary.ru/author_items.asp?authorid=900097"
693,"http://elibrary.ru/author_items.asp?authorid=985562"
695,"http://elibrary.ru/author_items.asp?authorid=621659"
739,"http://elibrary.ru/author_items.asp?authorid=920851"
742,"http://elibrary.ru/author_items.asp?authorid=789095"
740,"http://elibrary.ru/author_items.asp?authorid=7967"
749,"http://elibrary.ru/author_items.asp?authorid=164301"
738,"http://elibrary.ru/author_items.asp?authorid=789095"
44,"http://elibrary.ru/author_items.asp?authorid=900097"
761,"http://elibrary.ru/author_items.asp?authorid=1024011"
750,"http://elibrary.ru/author_items.asp?authorid=1049189"
732,"http://elibrary.ru/author_items.asp?authorid=134370"
124,"http://elibrary.ru/author_items.asp?authorid=145923"
701,"http://elibrary.ru/author_items.asp?authorid=1061471"
1121,"http://elibrary.ru/author_items.asp?authorid=564007"
725,"http://elibrary.ru/author_items.asp?authorid=900097"
612,"http://elibrary.ru/author_items.asp?authorid=98937"
610,"http://elibrary.ru/author_items.asp?authorid=4267"
744,"http://elibrary.ru/author_items.asp?authorid=7967"
614,"http://elibrary.ru/author_items.asp?authorid=614920"
613,"http://elibrary.ru/author_items.asp?authorid=357301"
616,"http://elibrary.ru/author_items.asp?authorid=623815"
609,"http://elibrary.ru/author_items.asp?authorid=653726"
607,"http://elibrary.ru/author_items.asp?authorid=12815"
611,"http://elibrary.ru/author_items.asp?authorid=4556"
606,"http://elibrary.ru/author_items.asp?authorid=3778"
736,"http://elibrary.ru/author_items.asp?authorid=900097"
617,"http://elibrary.ru/author_items.asp?authorid=3778"
730,"http://elibrary.ru/author_items.asp?authorid=920851"
3,"http://elibrary.ru/author_items.asp?authorid=805905"
866,"http://elibrary.ru/author_items.asp?authorid=349645"
726,"http://elibrary.ru/author_items.asp?authorid=985562"
755,"http://elibrary.ru/author_items.asp?authorid=920851"
722,"http://elibrary.ru/author_items.asp?authorid=183031"
1119,"http://elibrary.ru/author_items.asp?authorid=10055"
1120,"http://elibrary.ru/author_items.asp?authorid=564007"
759,"http://elibrary.ru/author_items.asp?authorid=985562"
807,"http://elibrary.ru/author_items.asp?authorid=7967"
808,"http://elibrary.ru/author_items.asp?authorid=7967"
1106,"http://elibrary.ru/author_items.asp?authorid=38927"
1118,"http://elibrary.ru/author_items.asp?authorid=119446"
1112,"http://elibrary.ru/author_items.asp?authorid=1546"
1114,"http://elibrary.ru/author_items.asp?authorid=185250"
1108,"http://elibrary.ru/author_items.asp?authorid=119446"
1122,"http://elibrary.ru/author_items.asp?authorid=1562"
1124,"http://elibrary.ru/author_items.asp?authorid=10055"
1110,"http://elibrary.ru/author_items.asp?authorid=1546"
1128,"http://elibrary.ru/author_items.asp?authorid=119446"
1126,"http://elibrary.ru/author_items.asp?authorid=38927"
1116,"http://elibrary.ru/author_items.asp?authorid=949614"
1104,"http://elibrary.ru/author_items.asp?authorid=238232"
1105,"http://elibrary.ru/author_items.asp?authorid=101389"
810,"http://elibrary.ru/author_items.asp?authorid=789095"
833,"http://elibrary.ru/author_items.asp?authorid=621660"
835,"http://elibrary.ru/author_items.asp?authorid=611103"
735,"http://elibrary.ru/author_items.asp?authorid=611103"
747,"http://elibrary.ru/author_items.asp?authorid=621660"
180,"http://elibrary.ru/author_items.asp?authorid=416114"
819,"http://elibrary.ru/author_items.asp?authorid=313351"
186,"http://elibrary.ru/author_items.asp?authorid=379753"
676,"http://elibrary.ru/author_items.asp?authorid=821568"
824,"http://elibrary.ru/author_items.asp?authorid=702792"
675,"http://elibrary.ru/author_items.asp?authorid=798244"
672,"http://elibrary.ru/author_items.asp?authorid=528421"
786,"http://elibrary.ru/author_items.asp?authorid=900097"
669,"http://elibrary.ru/author_items.asp?authorid=821725"
670,"http://elibrary.ru/author_items.asp?authorid=1066298"
671,"http://elibrary.ru/author_items.asp?authorid=521475"
814,"http://elibrary.ru/author_items.asp?authorid=164301"
678,"http://elibrary.ru/author_items.asp?authorid=603027"
183,"http://elibrary.ru/author_items.asp?authorid=558045"
834,"http://elibrary.ru/author_items.asp?authorid=2905"
188,"http://elibrary.ru/author_items.asp?authorid=743475"
707,"http://elibrary.ru/author_items.asp?authorid=1061471"
711,"http://elibrary.ru/author_items.asp?authorid=753279"
822,"http://elibrary.ru/author_items.asp?authorid=399275"
697,"http://elibrary.ru/author_items.asp?authorid=7967"
710,"http://elibrary.ru/author_items.asp?authorid=786332"
36,"http://elibrary.ru/author_items.asp?authorid=1024011"
703,"http://elibrary.ru/author_items.asp?authorid=816716"
702,"http://elibrary.ru/author_items.asp?authorid=8196"
39,"http://elibrary.ru/author_items.asp?authorid=7967"
89,"http://elibrary.ru/author_items.asp?authorid=1024011"
818,"http://elibrary.ru/author_items.asp?authorid=621660"
708,"http://elibrary.ru/author_items.asp?authorid=596663"
827,"http://elibrary.ru/author_items.asp?authorid=280399"
705,"http://elibrary.ru/author_items.asp?authorid=780160"
179,"http://elibrary.ru/author_items.asp?authorid=173158"
185,"http://elibrary.ru/author_items.asp?authorid=743475"
598,"http://elibrary.ru/author_items.asp?authorid=151462"
825,"http://elibrary.ru/author_items.asp?authorid=107311"
207,"http://elibrary.ru/author_items.asp?authorid=626419"
674,"http://elibrary.ru/author_items.asp?authorid=926468"
134,"http://elibrary.ru/author_items.asp?authorid=164301"
88,"http://elibrary.ru/author_items.asp?authorid=789095"
996,"http://elibrary.ru/author_items.asp?authorid=354134"
41,"http://elibrary.ru/author_items.asp?authorid=920851"
206,"http://elibrary.ru/author_items.asp?authorid=823510"
813,"http://elibrary.ru/author_items.asp?authorid=789095"
815,"http://elibrary.ru/author_items.asp?authorid=985562"
816,"http://elibrary.ru/author_items.asp?authorid=981696"
830,"http://elibrary.ru/author_items.asp?authorid=663200"
204,"http://elibrary.ru/author_items.asp?authorid=1016058"
828,"http://elibrary.ru/author_items.asp?authorid=280834"
995,"http://elibrary.ru/author_items.asp?authorid=980456"
999,"http://elibrary.ru/author_items.asp?authorid=265422"
854,"http://elibrary.ru/author_items.asp?authorid=734072"
850,"http://elibrary.ru/author_items.asp?authorid=329593"
846,"http://elibrary.ru/author_items.asp?authorid=68724"
849,"http://elibrary.ru/author_items.asp?authorid=612674"
843,"http://elibrary.ru/author_items.asp?authorid=183973"
852,"http://elibrary.ru/author_items.asp?authorid=629710"
841,"http://elibrary.ru/author_items.asp?authorid=94837"
847,"http://elibrary.ru/author_items.asp?authorid=111462"
997,"http://elibrary.ru/author_items.asp?authorid=354134"
857,"http://elibrary.ru/author_items.asp?authorid=329593"
1045,"http://elibrary.ru/author_items.asp?authorid=56"
1000,"http://elibrary.ru/author_items.asp?authorid=265422"
673,"http://elibrary.ru/author_items.asp?authorid=339249"
677,"http://elibrary.ru/author_items.asp?authorid=982518"
679,"http://elibrary.ru/author_items.asp?authorid=245720"
592,"http://elibrary.ru/author_items.asp?authorid=151460"
601,"http://elibrary.ru/author_items.asp?authorid=519927"
595,"http://elibrary.ru/author_items.asp?authorid=805970"
596,"http://elibrary.ru/author_items.asp?authorid=156346"
593,"http://elibrary.ru/author_items.asp?authorid=821725"
1109,"http://elibrary.ru/author_items.asp?authorid=185250"
1043,"http://elibrary.ru/author_items.asp?authorid=949614"
1111,"http://elibrary.ru/author_items.asp?authorid=1562"
1107,"http://elibrary.ru/author_items.asp?authorid=101389"
1069,"http://elibrary.ru/author_items.asp?authorid=38927"
1113,"http://elibrary.ru/author_items.asp?authorid=38927"
1079,"http://elibrary.ru/author_items.asp?authorid=1546"
1087,"http://elibrary.ru/author_items.asp?authorid=1546"
1129,"http://elibrary.ru/author_items.asp?authorid=38927"
1127,"http://elibrary.ru/author_items.asp?authorid=101389"
1081,"http://elibrary.ru/author_items.asp?authorid=434"
1123,"http://elibrary.ru/author_items.asp?authorid=1546"
1117,"http://elibrary.ru/author_items.asp?authorid=56"
161,"http://elibrary.ru/author_items.asp?authorid=125957"
157,"http://elibrary.ru/author_items.asp?authorid=969825"
1050,"http://elibrary.ru/author_items.asp?authorid=33951"
748,"http://elibrary.ru/author_items.asp?authorid=985562"
1125,"http://elibrary.ru/author_items.asp?authorid=185250"
158,"http://elibrary.ru/author_items.asp?authorid=594898"
162,"http://elibrary.ru/author_items.asp?authorid=626683"
163,"http://elibrary.ru/author_items.asp?authorid=661643"
837,"http://elibrary.ru/author_items.asp?authorid=199724"
1061,"http://elibrary.ru/author_items.asp?authorid=23864"
1056,"http://elibrary.ru/author_items.asp?authorid=100599"
757,"http://elibrary.ru/author_items.asp?authorid=7967"
826,"http://elibrary.ru/author_items.asp?authorid=164301"
823,"http://elibrary.ru/author_items.asp?authorid=183031"
26,"http://elibrary.ru/author_items.asp?authorid=986338"
16,"http://elibrary.ru/author_items.asp?authorid=789807"
829,"http://elibrary.ru/author_items.asp?authorid=900097"
19,"http://elibrary.ru/author_items.asp?authorid=523606"
118,"http://elibrary.ru/author_items.asp?authorid=523606"
116,"http://elibrary.ru/author_items.asp?authorid=560512"
820,"http://elibrary.ru/author_items.asp?authorid=597353"
836,"http://elibrary.ru/author_items.asp?authorid=702525"
201,"http://elibrary.ru/author_items.asp?authorid=413761"
210,"http://elibrary.ru/author_items.asp?authorid=626419"
167,"http://elibrary.ru/author_items.asp?authorid=290997"
121,"http://elibrary.ru/author_items.asp?authorid=621660"
175,"http://elibrary.ru/author_items.asp?authorid=213920"
170,"http://elibrary.ru/author_items.asp?authorid=290997"
196,"http://elibrary.ru/author_items.asp?authorid=660869"
731,"http://elibrary.ru/author_items.asp?authorid=663200"
189,"http://elibrary.ru/author_items.asp?authorid=13617"
817,"http://elibrary.ru/author_items.asp?authorid=611103"
767,"http://elibrary.ru/author_items.asp?authorid=164301"
831,"http://elibrary.ru/author_items.asp?authorid=646128"
821,"http://elibrary.ru/author_items.asp?authorid=621659"
832,"http://elibrary.ru/author_items.asp?authorid=929319"
811,"http://elibrary.ru/author_items.asp?authorid=7967"
812,"http://elibrary.ru/author_items.asp?authorid=1024011"
198,"http://elibrary.ru/author_items.asp?authorid=813391"
728,"http://elibrary.ru/author_items.asp?authorid=663200"
745,"http://elibrary.ru/author_items.asp?authorid=900097"
784,"http://elibrary.ru/author_items.asp?authorid=183031"
176,"http://elibrary.ru/author_items.asp?authorid=1015932"
155,"http://elibrary.ru/author_items.asp?authorid=1009765"
13,"http://elibrary.ru/author_items.asp?authorid=58837"
28,"http://elibrary.ru/author_items.asp?authorid=2905"
21,"http://elibrary.ru/author_items.asp?authorid=111664"
15,"http://elibrary.ru/author_items.asp?authorid=28149"
25,"http://elibrary.ru/author_items.asp?authorid=892825"
22,"http://elibrary.ru/author_items.asp?authorid=704790"
23,"http://elibrary.ru/author_items.asp?authorid=131732"
105,"http://elibrary.ru/author_items.asp?authorid=419014"
107,"http://elibrary.ru/author_items.asp?authorid=8473"
104,"http://elibrary.ru/author_items.asp?authorid=723360"
781,"http://elibrary.ru/author_items.asp?authorid=621660"
783,"http://elibrary.ru/author_items.asp?authorid=597353"
518,"http://elibrary.ru/author_items.asp?authorid=559992"
548,"http://elibrary.ru/author_items.asp?authorid=1024172"
1060,"http://elibrary.ru/author_items.asp?authorid=3771"
794,"http://elibrary.ru/author_items.asp?authorid=920851"
782,"http://elibrary.ru/author_items.asp?authorid=621659"
1082,"http://elibrary.ru/author_items.asp?authorid=1563"
1077,"http://elibrary.ru/author_items.asp?authorid=160044"
1085,"http://elibrary.ru/author_items.asp?authorid=1547"
1062,"http://elibrary.ru/author_items.asp?authorid=36422"
764,"http://elibrary.ru/author_items.asp?authorid=7967"
1054,"http://elibrary.ru/author_items.asp?authorid=117469"
1046,"http://elibrary.ru/author_items.asp?authorid=10302"
1049,"http://elibrary.ru/author_items.asp?authorid=27301"
1052,"http://elibrary.ru/author_items.asp?authorid=39725"
1048,"http://elibrary.ru/author_items.asp?authorid=40398"
1063,"http://elibrary.ru/author_items.asp?authorid=8478"
1047,"http://elibrary.ru/author_items.asp?authorid=10301"
1059,"http://elibrary.ru/author_items.asp?authorid=422412"
998,"http://elibrary.ru/author_items.asp?authorid=980456"
1001,"http://elibrary.ru/author_items.asp?authorid=586192"
1055,"http://elibrary.ru/author_items.asp?authorid=40320"
1135,"http://elibrary.ru/author_items.asp?authorid=880311"
1134,"http://elibrary.ru/author_items.asp?authorid=158385"
437,"http://elibrary.ru/author_items.asp?authorid=314712"
433,"http://elibrary.ru/author_items.asp?authorid=853378"
243,"http://elibrary.ru/author_items.asp?authorid=700747"
108,"http://elibrary.ru/author_items.asp?authorid=858091"
103,"http://elibrary.ru/author_items.asp?authorid=160039"
334,"http://elibrary.ru/author_items.asp?authorid=118026"
128,"http://elibrary.ru/author_items.asp?authorid=641554"
133,"http://elibrary.ru/author_items.asp?authorid=597353"
521,"http://elibrary.ru/author_items.asp?authorid=745014"
509,"http://elibrary.ru/author_items.asp?authorid=968755"
517,"http://elibrary.ru/author_items.asp?authorid=562261"
1149,"http://elibrary.ru/author_items.asp?authorid=110201"
903,"http://elibrary.ru/author_items.asp?authorid=19128"
919,"http://elibrary.ru/author_items.asp?authorid=418341"
920,"http://elibrary.ru/author_items.asp?authorid=418341"
918,"http://elibrary.ru/author_items.asp?authorid=415122"
917,"http://elibrary.ru/author_items.asp?authorid=178901"
924,"http://elibrary.ru/author_items.asp?authorid=383555"
1148,"http://elibrary.ru/author_items.asp?authorid=714236"
1147,"http://elibrary.ru/author_items.asp?authorid=435634"
916,"http://elibrary.ru/author_items.asp?authorid=178901"
921,"http://elibrary.ru/author_items.asp?authorid=383555"
923,"http://elibrary.ru/author_items.asp?authorid=681953"
922,"http://elibrary.ru/author_items.asp?authorid=418341"
896,"http://elibrary.ru/author_items.asp?authorid=981821"
159,"http://elibrary.ru/author_items.asp?authorid=1009765"
164,"http://elibrary.ru/author_items.asp?authorid=886491"
154,"http://elibrary.ru/author_items.asp?authorid=587801"
151,"http://elibrary.ru/author_items.asp?authorid=405127"
152,"http://elibrary.ru/author_items.asp?authorid=123543"
197,"http://elibrary.ru/author_items.asp?authorid=358771"
156,"http://elibrary.ru/author_items.asp?authorid=677518"
211,"http://elibrary.ru/author_items.asp?authorid=922660"
209,"http://elibrary.ru/author_items.asp?authorid=178901"
900,"http://elibrary.ru/author_items.asp?authorid=1569"
208,"http://elibrary.ru/author_items.asp?authorid=922135"
202,"http://elibrary.ru/author_items.asp?authorid=891374"
203,"http://elibrary.ru/author_items.asp?authorid=559952"
205,"http://elibrary.ru/author_items.asp?authorid=104514"
905,"http://elibrary.ru/author_items.asp?authorid=178901"
247,"http://elibrary.ru/author_items.asp?authorid=396600"
235,"http://elibrary.ru/author_items.asp?authorid=334839"
250,"http://elibrary.ru/author_items.asp?authorid=454417"
438,"http://elibrary.ru/author_items.asp?authorid=462238"
1146,"http://elibrary.ru/author_items.asp?authorid=143503"
1131,"http://elibrary.ru/author_items.asp?authorid=987378"
1130,"http://elibrary.ru/author_items.asp?authorid=657831"
1150,"http://elibrary.ru/author_items.asp?authorid=583951"
1140,"http://elibrary.ru/author_items.asp?authorid=180453"
1144,"http://elibrary.ru/author_items.asp?authorid=936995"
459,"http://elibrary.ru/author_items.asp?authorid=4818"
360,"http://elibrary.ru/author_items.asp?authorid=1008508"
216,"http://elibrary.ru/author_items.asp?authorid=924809"
958,"http://elibrary.ru/author_items.asp?authorid=825122"
961,"http://elibrary.ru/author_items.asp?authorid=101723"
960,"http://elibrary.ru/author_items.asp?authorid=775970"
959,"http://elibrary.ru/author_items.asp?authorid=2629"
1142,"http://elibrary.ru/author_items.asp?authorid=692073"
502,"http://elibrary.ru/author_items.asp?authorid=127409"
524,"http://elibrary.ru/author_items.asp?authorid=110102"
579,"http://elibrary.ru/author_items.asp?authorid=431320"
541,"http://elibrary.ru/author_items.asp?authorid=947667"
545,"http://elibrary.ru/author_items.asp?authorid=368267"
556,"http://elibrary.ru/author_items.asp?authorid=720974"
539,"http://elibrary.ru/author_items.asp?authorid=937251"
543,"http://elibrary.ru/author_items.asp?authorid=718334"
536,"http://elibrary.ru/author_items.asp?authorid=718334"
531,"http://elibrary.ru/author_items.asp?authorid=13634"
546,"http://elibrary.ru/author_items.asp?authorid=368267"
537,"http://elibrary.ru/author_items.asp?authorid=12345"
535,"http://elibrary.ru/author_items.asp?authorid=591220"
511,"http://elibrary.ru/author_items.asp?authorid=608765"
512,"http://elibrary.ru/author_items.asp?authorid=770479"
565,"http://elibrary.ru/author_items.asp?authorid=100810"
525,"http://elibrary.ru/author_items.asp?authorid=110102"
489,"http://elibrary.ru/author_items.asp?authorid=1024172"
497,"http://elibrary.ru/author_items.asp?authorid=651881"
552,"http://elibrary.ru/author_items.asp?authorid=680053"
494,"http://elibrary.ru/author_items.asp?authorid=282253"
580,"http://elibrary.ru/author_items.asp?authorid=591220"
605,"http://elibrary.ru/author_items.asp?authorid=64422"
608,"http://elibrary.ru/author_items.asp?authorid=154463"
615,"http://elibrary.ru/author_items.asp?authorid=361471"
620,"http://elibrary.ru/author_items.asp?authorid=910342"
571,"http://elibrary.ru/author_items.asp?authorid=943267"
872,"http://elibrary.ru/author_items.asp?authorid=7967"
867,"http://elibrary.ru/author_items.asp?authorid=915491"
858,"http://elibrary.ru/author_items.asp?authorid=882214"
516,"http://elibrary.ru/author_items.asp?authorid=562261"
515,"http://elibrary.ru/author_items.asp?authorid=840344"
619,"http://elibrary.ru/author_items.asp?authorid=902109"
1145,"http://elibrary.ru/author_items.asp?authorid=756303"
1132,"http://elibrary.ru/author_items.asp?authorid=158385"
1139,"http://elibrary.ru/author_items.asp?authorid=21303"
1137,"http://elibrary.ru/author_items.asp?authorid=917807"
1138,"http://elibrary.ru/author_items.asp?authorid=14430"
1133,"http://elibrary.ru/author_items.asp?authorid=895731"
1143,"http://elibrary.ru/author_items.asp?authorid=694645"
1141,"http://elibrary.ru/author_items.asp?authorid=934714"
1136,"http://elibrary.ru/author_items.asp?authorid=597858"
860,"http://elibrary.ru/author_items.asp?authorid=260172"
865,"http://elibrary.ru/author_items.asp?authorid=640848"
859,"http://elibrary.ru/author_items.asp?authorid=449459"
863,"http://elibrary.ru/author_items.asp?authorid=640848"
870,"http://elibrary.ru/author_items.asp?authorid=900097"
796,"http://elibrary.ru/author_items.asp?authorid=920851"
787,"http://elibrary.ru/author_items.asp?authorid=663200"
729,"http://elibrary.ru/author_items.asp?authorid=11530"
743,"http://elibrary.ru/author_items.asp?authorid=920851"
788,"http://elibrary.ru/author_items.asp?authorid=621660"
734,"http://elibrary.ru/author_items.asp?authorid=909852"
746,"http://elibrary.ru/author_items.asp?authorid=183031"
737,"http://elibrary.ru/author_items.asp?authorid=100261"
733,"http://elibrary.ru/author_items.asp?authorid=105713"
785,"http://elibrary.ru/author_items.asp?authorid=164301"
769,"http://elibrary.ru/author_items.asp?authorid=789095"
798,"http://elibrary.ru/author_items.asp?authorid=7967"
762,"http://elibrary.ru/author_items.asp?authorid=1024011"
871,"http://elibrary.ru/author_items.asp?authorid=7967"
800,"http://elibrary.ru/author_items.asp?authorid=900097"
873,"http://elibrary.ru/author_items.asp?authorid=621659"
797,"http://elibrary.ru/author_items.asp?authorid=183031"
